{
  "localization": [
    {
      "/actions/ingame/in/vivecraft.key.rotateRight": "Movement - Rotate Right",
      "/actions/ingame/in/vivecraft.key.teleport": "Movement - Teleport",
      "/actions/ingame/in/key.socialInteractions": "Multiplayer - Social Interactions Screen",
      "/actions/keyboard": "Keyboard",
      "/actions/gui/in/vivecraft.key.guiScrollUp": "GUI - Scroll Up",
      "/actions/ingame/in/vivecraft.key.radialMenu": "Game Interface - Open Radial Menu",
      "/actions/ingame/in/key.drop": "Inventory - Drop Selected Item",
      "/actions/gui/in/vivecraft.key.guiScrollAxis": "GUI - Scroll",
      "/actions/gui/in/vivecraft.key.guiScrollDown": "GUI - Scroll Down",
      "/actions/global/in/vivecraft.key.toggleKeyboard": "Game Interface - Show/Hide Keyboard",
      "/actions/contextual/in/vivecraft.key.vrInteract": "Gameplay - Contextual Interact",
      "/actions/global/in/vivecraft.key.toggleHandheldCam": "Miscellaneous - Toggle Camera",
      "/actions/ingame/in/key.back": "Movement - Walk Backwards",
      "/actions/technical": "Technical",
      "/actions/ingame/in/vivecraft.key.exportWorld": "Miscellaneous - Export Menu World",
      "/actions/global/in/vivecraft.key.swapMirrorView": "Miscellaneous - Swap Mirror View",
      "/actions/ingame/in/vivecraft.key.hotbarScroll": "Inventory - Hotbar Scroll",
      "/actions/ingame/in/vivecraft.key.freeMoveRotate": "Movement - Move/Rotate",
      "/actions/ingame/in/vivecraft.key.togglePlayerList": "Multiplayer - Toggle Player List",
      "/actions/mod": "Modded",
      "/actions/ingame/in/key.saveToolbarActivator": "Creative Mode - Save Hotbar Activator",
      "/actions/ingame/in/key.command": "Multiplayer - Open Command",
      "/actions/ingame/in/key.spectatorOutlines": "Miscellaneous - Highlight Players (Spectators)",
      "/actions/global/out/lefthaptic": "Left Hand Haptic",
      "/actions/ingame/in/key.forward": "Movement - Walk Forwards",
      "/actions/ingame/in/key.togglePerspective": "Miscellaneous - Toggle Perspective",
      "/actions/ingame/in/vivecraft.key.rotateFree": "Movement - Rotate Free",
      "/actions/ingame/in/key.hotbar.1": "Inventory - Hotbar Slot 1",
      "/actions/contextual/in/vivecraft.key.climbeyJump": "Climbey Motion - Jump Boots",
      "/actions/ingame/in/key.sneak": "Movement - Sneak",
      "/actions/ingame/in/key.use": "Gameplay - Use Item/Place Block",
      "/actions/ingame/in/key.hotbar.5": "Inventory - Hotbar Slot 5",
      "/actions/ingame/in/key.hotbar.4": "Inventory - Hotbar Slot 4",
      "/actions/ingame/in/key.hotbar.3": "Inventory - Hotbar Slot 3",
      "/actions/ingame/in/key.hotbar.2": "Inventory - Hotbar Slot 2",
      "/actions/global/in/key.inventory": "Inventory - Open/Close Inventory",
      "/actions/ingame/in/key.playerlist": "Multiplayer - List Players",
      "/actions/ingame/in/key.hotbar.9": "Inventory - Hotbar Slot 9",
      "/actions/ingame/in/key.hotbar.8": "Inventory - Hotbar Slot 8",
      "/actions/ingame/in/key.hotbar.7": "Inventory - Hotbar Slot 7",
      "/actions/ingame/in/key.hotbar.6": "Inventory - Hotbar Slot 6",
      "/actions/ingame/in/key.right": "Movement - Strafe Right",
      "/actions/ingame/in/key.attack": "Gameplay - Attack/Destroy",
      "/actions/ingame/in/vivecraft.key.quickTorch": "Gameplay - Quick Torch",
      "/actions/ingame/in/key.left": "Movement - Strafe Left",
      "/actions/gui/in/vivecraft.key.guiAlt": "GUI - Alt",
      "/actions/ingame/in/key.smoothCamera": "Miscellaneous - Toggle Cinematic Camera",
      "/actions/ingame": "In-Game",
      "/actions/gui/in/vivecraft.key.guiRightClick": "GUI - Right Click",
      "/actions/gui/in/vivecraft.key.guiCtrl": "GUI - Ctrl",
      "/actions/global": "Global",
      "/actions/global/in/key.chat": "Multiplayer - Open Chat",
      "/actions/ingame/in/vivecraft.key.hotbarPrev": "Inventory - Hotbar Previous",
      "/actions/keyboard/in/vivecraft.key.keyboardClick": "Keyboard - Click",
      "/actions/ingame/in/vivecraft.key.walkabout": "Movement - Walkabout",
      "/actions/ingame/in/key.loadToolbarActivator": "Creative Mode - Load Hotbar Activator",
      "/actions/ingame/in/vivecraft.key.toggleMovement": "Movement - Toggle Movement Mode",
      "/actions/contextual/in/vivecraft.key.climbeyGrab": "Climbey Motion - Climb Claws",
      "/actions/global/in/vivecraft.key.ingameMenuButton": "Game Interface - Game Menu",
      "/actions/ingame/in/of.key.zoom": "Miscellaneous - Zoom",
      "/actions/ingame/in/key.screenshot": "Miscellaneous - Take Screenshot",
      "/actions/ingame/in/key.jump": "Movement - Jump",
      "/actions/ingame/in/key.pickItem": "Gameplay - Pick Block",
      "/actions/global/in/vivecraft.key.moveThirdPersonCam": "Miscellaneous - Move Third Person Camera",
      "/actions/global/in/vivecraft.key.quickHandheldCam": "Miscellaneous - Quick Camera",
      "/actions/global/out/righthaptic": "Right Hand Haptic",
      "/actions/technical/in/vivecraft.key.trackpadTouch": "Miscellaneous - Trackpad Touch",
      "/actions/ingame/in/vivecraft.key.teleportFallback": "Movement - Walk Forwards When Teleport Disabled",
      "/actions/ingame/in/key.sprint": "Movement - Sprint",
      "/actions/gui/in/vivecraft.key.guiLeftClick": "GUI - Left Click",
      "/actions/keyboard/in/vivecraft.key.keyboardShift": "Keyboard - Shift",
      "language_tag": "en_US",
      "/actions/gui": "GUI",
      "/actions/global/in/righthand": "Right Hand Pose",
      "/actions/gui/in/vivecraft.key.guiMiddleClick": "GUI - Middle Click",
      "/actions/mixedreality": "Mixed Reality",
      "/actions/ingame/in/vivecraft.key.freeMoveStrafe": "Movement - Move/Strafe",
      "/actions/ingame/in/vivecraft.key.rotateAxis": "Movement - Rotate Only",
      "/actions/ingame/in/vivecraft.key.rotateLeft": "Movement - Rotate Left",
      "/actions/ingame/in/key.swapOffhand": "Inventory - Swap Item With Offhand",
      "/actions/ingame/in/key.advancements": "Miscellaneous - Advancements",
      "/actions/gui/in/vivecraft.key.guiShift": "GUI - Shift",
      "/actions/ingame/in/key.fullscreen": "Miscellaneous - Toggle Fullscreen",
      "/actions/contextual": "Contextual",
      "/actions/global/in/lefthand": "Left Hand Pose",
      "/actions/mixedreality/in/externalcamera": "External Camera",
      "/actions/ingame/in/vivecraft.key.hotbarNext": "Inventory - Hotbar Next",
      "/actions/ingame/in/vivecraft.key.hotbarSwipeX": "Inventory - Hotbar Swipe (Left/Right)",
      "/actions/ingame/in/vivecraft.key.hotbarSwipeY": "Inventory - Hotbar Swipe (Up/Down)"
    }
  ],
  "default_bindings": [
    {
      "controller_type": "vive_controller",
      "binding_url": "vive_defaults.json"
    },
    {
      "controller_type": "oculus_touch",
      "binding_url": "oculus_defaults.json"
    },
    {
      "controller_type": "holographic_controller",
      "binding_url": "wmr_defaults.json"
    },
    {
      "controller_type": "knuckles",
      "binding_url": "knuckles_defaults.json"
    },
    {
      "controller_type": "vive_cosmos_controller",
      "binding_url": "cosmos_defaults.json"
    },
    {
      "controller_type": "vive_tracker_camera",
      "binding_url": "tracker_defaults.json"
    }
  ],
  "actions": [
    {
      "name": "/actions/ingame/in/key.jump",
      "requirement": "optional",
      "type": "boolean"
    },
    {
      "name": "/actions/ingame/in/vivecraft.key.freeMoveRotate",
      "requirement": "optional",
      "type": "vector2"
    },
    {
      "name": "/actions/ingame/in/vivecraft.key.freeMoveStrafe",
      "requirement": "optional",
      "type": "vector2"
    },
    {
      "name": "/actions/ingame/in/vivecraft.key.rotateFree",
      "requirement": "optional",
      "type": "boolean"
    },
    {
      "name": "/actions/ingame/in/vivecraft.key.rotateLeft",
      "requirement": "optional",
      "type": "vector1"
    },
    {
      "name": "/actions/ingame/in/vivecraft.key.rotateAxis",
      "requirement": "optional",
      "type": "vector2"
    },
    {
      "name": "/actions/ingame/in/vivecraft.key.rotateRight",
      "requirement": "optional",
      "type": "vector1"
    },
    {
      "name": "/actions/ingame/in/key.sneak",
      "requirement": "optional",
      "type": "boolean"
    },
    {
      "name": "/actions/ingame/in/key.sprint",
      "requirement": "optional",
      "type": "boolean"
    },
    {
      "name": "/actions/ingame/in/key.left",
      "requirement": "optional",
      "type": "vector1"
    },
    {
      "name": "/actions/ingame/in/key.right",
      "requirement": "optional",
      "type": "vector1"
    },
    {
      "name": "/actions/ingame/in/vivecraft.key.teleport",
      "requirement": "optional",
      "type": "boolean"
    },
    {
      "name": "/actions/ingame/in/vivecraft.key.toggleMovement",
      "requirement": "optional",
      "type": "boolean"
    },
    {
      "name": "/actions/ingame/in/key.back",
      "requirement": "optional",
      "type": "vector1"
    },
    {
      "name": "/actions/ingame/in/key.forward",
      "requirement": "optional",
      "type": "vector1"
    },
    {
      "name": "/actions/ingame/in/vivecraft.key.teleportFallback",
      "requirement": "suggested",
      "type": "vector1"
    },
    {
      "name": "/actions/ingame/in/vivecraft.key.walkabout",
      "requirement": "optional",
      "type": "boolean"
    },
    {
      "name": "/actions/ingame/in/key.attack",
      "requirement": "suggested",
      "type": "boolean"
    },
    {
      "name": "/actions/contextual/in/vivecraft.key.vrInteract",
      "requirement": "suggested",
      "type": "boolean"
    },
    {
      "name": "/actions/ingame/in/key.pickItem",
      "requirement": "optional",
      "type": "boolean"
    },
    {
      "name": "/actions/ingame/in/vivecraft.key.quickTorch",
      "requirement": "optional",
      "type": "boolean"
    },
    {
      "name": "/actions/ingame/in/key.use",
      "requirement": "suggested",
      "type": "boolean"
    },
    {
      "name": "/actions/ingame/in/key.drop",
      "requirement": "optional",
      "type": "boolean"
    },
    {
      "name": "/actions/ingame/in/vivecraft.key.hotbarNext",
      "requirement": "optional",
      "type": "boolean"
    },
    {
      "name": "/actions/ingame/in/vivecraft.key.hotbarPrev",
      "requirement": "optional",
      "type": "boolean"
    },
    {
      "name": "/actions/ingame/in/vivecraft.key.hotbarScroll",
      "requirement": "optional",
      "type": "vector2"
    },
    {
      "name": "/actions/ingame/in/key.hotbar.1",
      "requirement": "optional",
      "type": "boolean"
    },
    {
      "name": "/actions/ingame/in/key.hotbar.2",
      "requirement": "optional",
      "type": "boolean"
    },
    {
      "name": "/actions/ingame/in/key.hotbar.3",
      "requirement": "optional",
      "type": "boolean"
    },
    {
      "name": "/actions/ingame/in/key.hotbar.4",
      "requirement": "optional",
      "type": "boolean"
    },
    {
      "name": "/actions/ingame/in/key.hotbar.5",
      "requirement": "optional",
      "type": "boolean"
    },
    {
      "name": "/actions/ingame/in/key.hotbar.6",
      "requirement": "optional",
      "type": "boolean"
    },
    {
      "name": "/actions/ingame/in/key.hotbar.7",
      "requirement": "optional",
      "type": "boolean"
    },
    {
      "name": "/actions/ingame/in/key.hotbar.8",
      "requirement": "optional",
      "type": "boolean"
    },
    {
      "name": "/actions/ingame/in/key.hotbar.9",
      "requirement": "optional",
      "type": "boolean"
    },
    {
      "name": "/actions/ingame/in/vivecraft.key.hotbarSwipeX",
      "requirement": "optional",
      "type": "vector2"
    },
    {
      "name": "/actions/ingame/in/vivecraft.key.hotbarSwipeY",
      "requirement": "optional",
      "type": "vector2"
    },
    {
      "name": "/actions/global/in/key.inventory",
      "requirement": "suggested",
      "type": "boolean"
    },
    {
      "name": "/actions/ingame/in/key.swapOffhand",
      "requirement": "optional",
      "type": "boolean"
    },
    {
      "name": "/actions/ingame/in/key.loadToolbarActivator",
      "requirement": "optional",
      "type": "boolean"
    },
    {
      "name": "/actions/ingame/in/key.saveToolbarActivator",
      "requirement": "optional",
      "type": "boolean"
    },
    {
      "name": "/actions/ingame/in/key.playerlist",
      "requirement": "optional",
      "type": "boolean"
    },
    {
      "name": "/actions/global/in/key.chat",
      "requirement": "optional",
      "type": "boolean"
    },
    {
      "name": "/actions/ingame/in/key.command",
      "requirement": "optional",
      "type": "boolean"
    },
    {
      "name": "/actions/ingame/in/key.socialInteractions",
      "requirement": "optional",
      "type": "boolean"
    },
    {
      "name": "/actions/ingame/in/vivecraft.key.togglePlayerList",
      "requirement": "optional",
      "type": "boolean"
    },
    {
      "name": "/actions/global/in/vivecraft.key.ingameMenuButton",
      "requirement": "suggested",
      "type": "boolean"
    },
    {
      "name": "/actions/ingame/in/vivecraft.key.radialMenu",
      "requirement": "suggested",
      "type": "boolean"
    },
    {
      "name": "/actions/global/in/vivecraft.key.toggleKeyboard",
      "requirement": "optional",
      "type": "boolean"
    },
    {
      "name": "/actions/ingame/in/key.advancements",
      "requirement": "optional",
      "type": "boolean"
    },
    {
      "name": "/actions/ingame/in/vivecraft.key.exportWorld",
      "requirement": "optional",
      "type": "boolean"
    },
    {
      "name": "/actions/ingame/in/key.spectatorOutlines",
      "requirement": "optional",
      "type": "boolean"
    },
    {
      "name": "/actions/global/in/vivecraft.key.moveThirdPersonCam",
      "requirement": "optional",
      "type": "boolean"
    },
    {
      "name": "/actions/global/in/vivecraft.key.quickHandheldCam",
      "requirement": "optional",
      "type": "boolean"
    },
    {
      "name": "/actions/global/in/vivecraft.key.swapMirrorView",
      "requirement": "optional",
      "type": "boolean"
    },
    {
      "name": "/actions/ingame/in/key.screenshot",
      "requirement": "optional",
      "type": "boolean"
    },
    {
      "name": "/actions/global/in/vivecraft.key.toggleHandheldCam",
      "requirement": "optional",
      "type": "boolean"
    },
    {
      "name": "/actions/ingame/in/key.smoothCamera",
      "requirement": "optional",
      "type": "boolean"
    },
    {
      "name": "/actions/ingame/in/key.fullscreen",
      "requirement": "optional",
      "type": "boolean"
    },
    {
      "name": "/actions/ingame/in/key.togglePerspective",
      "requirement": "optional",
      "type": "boolean"
    },
    {
      "name": "/actions/technical/in/vivecraft.key.trackpadTouch",
      "requirement": "optional",
      "type": "boolean"
    },
    {
      "name": "/actions/ingame/in/of.key.zoom",
      "requirement": "optional",
      "type": "boolean"
    },
    {
      "name": "/actions/gui/in/vivecraft.key.guiAlt",
      "requirement": "optional",
      "type": "boolean"
    },
    {
      "name": "/actions/gui/in/vivecraft.key.guiCtrl",
      "requirement": "optional",
      "type": "boolean"
    },
    {
      "name": "/actions/gui/in/vivecraft.key.guiLeftClick",
      "requirement": "suggested",
      "type": "boolean"
    },
    {
      "name": "/actions/gui/in/vivecraft.key.guiMiddleClick",
      "requirement": "optional",
      "type": "boolean"
    },
    {
      "name": "/actions/gui/in/vivecraft.key.guiRightClick",
      "requirement": "suggested",
      "type": "boolean"
    },
    {
      "name": "/actions/gui/in/vivecraft.key.guiScrollAxis",
      "requirement": "optional",
      "type": "vector2"
    },
    {
      "name": "/actions/gui/in/vivecraft.key.guiScrollDown",
      "requirement": "optional",
      "type": "boolean"
    },
    {
      "name": "/actions/gui/in/vivecraft.key.guiScrollUp",
      "requirement": "optional",
      "type": "boolean"
    },
    {
      "name": "/actions/gui/in/vivecraft.key.guiShift",
      "requirement": "suggested",
      "type": "boolean"
    },
    {
      "name": "/actions/contextual/in/vivecraft.key.climbeyGrab",
      "requirement": "suggested",
      "type": "boolean"
    },
    {
      "name": "/actions/contextual/in/vivecraft.key.climbeyJump",
      "requirement": "suggested",
      "type": "boolean"
    },
    {
      "name": "/actions/keyboard/in/vivecraft.key.keyboardClick",
      "requirement": "suggested",
      "type": "boolean"
    },
    {
      "name": "/actions/keyboard/in/vivecraft.key.keyboardShift",
      "requirement": "suggested",
      "type": "boolean"
    },
    {
      "name": "/actions/global/in/lefthand",
      "requirement": "suggested",
      "type": "pose"
    },
    {
      "name": "/actions/global/in/righthand",
      "requirement": "suggested",
      "type": "pose"
    },
    {
      "name": "/actions/mixedreality/in/externalcamera",
      "requirement": "optional",
      "type": "pose"
    },
    {
      "name": "/actions/global/out/lefthaptic",
      "requirement": "suggested",
      "type": "vibration"
    },
    {
      "name": "/actions/global/out/righthaptic",
      "requirement": "suggested",
      "type": "vibration"
    }
  ],
  "action_sets": [
    {
      "name": "/actions/ingame",
      "usage": "leftright"
    },
    {
      "name": "/actions/gui",
      "usage": "leftright"
    },
    {
      "name": "/actions/global",
      "usage": "leftright"
    },
    {
      "name": "/actions/contextual",
      "usage": "single"
    },
    {
      "name": "/actions/keyboard",
      "usage": "hidden"
    },
    {
      "name": "/actions/mixedreality",
      "usage": "hidden"
    },
    {
      "name": "/actions/technical",
      "usage": "hidden"
    }
  ]
}