{
  "alias_info" : {},
  "app_key" : "org.jrbudda.vivecraft.steamvrinput",
  "bindings": {
    "/actions/mixedreality": {
      "haptics": [
      ],
      "poses": [
        {
          "output": "/actions/mixedreality/in/externalcamera",
          "path": "/user/camera/pose/raw"
        }
      ],
      "sources": [
      ]
    }
  },
  "controller_type" : "vive_tracker_camera",
  "description" : "",
  "name" : "Tracker for Camera",
  "options" : {},
  "simulated_actions" : []
}
