{
  "uid": "vivecraft",
  "releaseTime": "1979-06-01T00:00:00-05:00",
  "mainClass": "net.minecraft.launchwrapper.Launch",
  "libraries": [
    {
      "name": "com.mtbs3d:minecrift:1.17.1-jrbudda-VR-1-b1",
      "MMC-hint": "local"
    },
    {
      "name": "org.json:json:20140107",
      "url": "http://vivecraft.org/jar/"
    },
    {
      "name": "com.sun:jna:4.2.1",
      "url": "http://vivecraft.org/jar/"
    },
    {
      "name": "org.ow2.asm:asm-all:5.2",
      "url": "http://files.minecraftforge.net/maven/"
    },
    {
      "name": "io.github.classgraph:classgraph:4.8.78",
      "url": "https://repo1.maven.org/maven2/"
    },
    {
      "name": "net.minecraft:launchwrapper:2.2",
      "url": "http://vivecraft.org/jar/"
    },
    {
      "name": "optifine:OptiFine:1.17.1_HD_U_G9_pre26_LIB",
      "MMC-hint": "local"
    }
  ],
  "name": "Vivecraft",
  "+tweakers": [
    "optifine.OptiFineTweaker",
    "org.vivecraft.tweaker.MinecriftVanillaTweaker"
  ],
  "time": "1979-06-01T00:00:00-05:00",
  "version": "4"
}